<?xml version="1.0" encoding="UTF-8"?>
<beans xmlns="http://www.springframework.org/schema/beans"
	xmlns:xsi="http://www.w3.org/2001/XMLSchema-instance" xmlns:context="http://www.springframework.org/schema/context"
	xmlns:webflow-config="http://www.springframework.org/schema/webflow-config"
	xmlns:mvc="http://www.springframework.org/schema/mvc"
	xsi:schemaLocation="http://www.springframework.org/schema/beans
	http://www.springframework.org/schema/beans/spring-beans-3.0.xsd
	http://www.springframework.org/schema/context
	http://www.springframework.org/schema/context/spring-context-3.0.xsd
	http://www.springframework.org/schema/mvc
	http://www.springframework.org/schema/mvc/spring-mvc-3.0.xsd
       http://www.springframework.org/schema/webflow-config 
http://www.springframework.org/schema/webflow-config/spring-webflow-config.xsd">
 
<context:component-scan base-package="com.niit" />
<bean class="org.springframework.web.servlet.view.InternalResourceViewResolver">
<property name="prefix">
<value>/views/</value>
</property>
<property name="suffix">
<value>.jsp</value>
</property>
</bean>
<bean class="org.springframework.web.multipart.commons.CommonsMultipartResolver" id="multipartResolver">
<property name="maxUploadSize" value="1024000"/>
</bean>
 <!-- <webflow-config:flow-executor id="flowExecutor" flow-registry="flowRegistry" />
  
    <webflow-config:flow-registry id="flowRegistry" base-path="/views">
        <webflow-config:flow-location path="/userCheckoutFlow.xml" id="checkout" />
    </webflow-config:flow-registry>

    <bean id="flowHandlerMapping" class="org.springframework.webflow.mvc.servlet.FlowHandlerMapping">
        <property name="flowRegistry" ref="flowRegistry" />
    </bean>

    <bean id="flowHandlerAdapter" class="org.springframework.webflow.mvc.servlet.FlowHandlerAdapter">
        <property name="flowExecutor" ref="flowExecutor" />
    </bean> -->
	
	 <mvc:resources mapping="/resources/**" location="/resources/images/" />

    <mvc:annotation-driven />
</beans>